model_size,algorithm,GraphGenerationTime,GraphVisitTime,SerialisationTime,Total,AtomSize,minL,maxL,S,Vsize,Esize
2,Proposed (dataless),0.49431,0.20979,-1,0.7041,16,10,10,10,34,485
2,Proposed (dataless),0.537592,0.21622,-1,0.753812,16,10,10,10,34,485
2,Proposed (dataless),0.543731,0.207183,-1,0.750914,16,10,10,10,34,485
2,Proposed (dataless),0.492091,0.200376,-1,0.692467,16,10,10,10,34,485
2,Proposed (dataless),0.485226,0.197555,-1,0.682781,16,10,10,10,34,485
4,Proposed (dataless),3.24098,0.492958,-1,3.73394,16,10,10,10,231,3025
4,Proposed (dataless),2.94664,0.474663,-1,3.42131,16,10,10,10,231,3025
4,Proposed (dataless),2.95729,0.469611,-1,3.42691,16,10,10,10,231,3025
4,Proposed (dataless),3.06025,0.503537,-1,3.56379,16,10,10,10,231,3025
4,Proposed (dataless),3.06681,0.47326,-1,3.54007,16,10,10,10,231,3025
6,Proposed (dataless),6.78983,0.543546,-1,7.33338,16,10,10,10,248,3136
6,Proposed (dataless),6.44727,0.549365,-1,6.99663,16,10,10,10,248,3136
6,Proposed (dataless),6.72752,0.57765,-1,7.30517,16,10,10,10,248,3136
6,Proposed (dataless),6.64808,0.556038,-1,7.20412,16,10,10,10,248,3136
6,Proposed (dataless),6.7758,0.550158,-1,7.32596,16,10,10,10,248,3136
8,Proposed (dataless),16.3626,0.984099,-1,17.3467,16,10,10,10,822,9790
8,Proposed (dataless),16.46,1.02535,-1,17.4853,16,10,10,10,822,9790
8,Proposed (dataless),16.6719,0.961995,-1,17.6339,16,10,10,10,822,9790
8,Proposed (dataless),16.4844,0.980431,-1,17.4648,16,10,10,10,822,9790
8,Proposed (dataless),16.7214,1.02621,-1,17.7476,16,10,10,10,822,9790
10,Proposed (dataless),44.0686,1.28406,-1,45.3527,16,10,10,10,1668,18950
10,Proposed (dataless),44.1604,1.2829,-1,45.4433,16,10,10,10,1668,18950
10,Proposed (dataless),43.749,1.32571,-1,45.0747,16,10,10,10,1668,18950
10,Proposed (dataless),46.4953,1.37779,-1,47.873,16,10,10,10,1668,18950
10,Proposed (dataless),43.2128,1.41177,-1,44.6245,16,10,10,10,1668,18950
2,Proposed (dataless),0.480204,0.317503,-1,0.797707,16,100,100,10,34,485
2,Proposed (dataless),0.530845,0.320418,-1,0.851263,16,100,100,10,34,485
2,Proposed (dataless),0.485599,0.325015,-1,0.810614,16,100,100,10,34,485
2,Proposed (dataless),0.483298,0.316264,-1,0.799562,16,100,100,10,34,485
2,Proposed (dataless),0.565976,0.323684,-1,0.88966,16,100,100,10,34,485
4,Proposed (dataless),2.87512,0.694002,-1,3.56912,16,100,100,10,231,3025
4,Proposed (dataless),3.02114,0.550058,-1,3.57119,16,100,100,10,231,3025
4,Proposed (dataless),2.87704,0.567197,-1,3.44423,16,100,100,10,231,3025
4,Proposed (dataless),2.98812,0.54917,-1,3.53729,16,100,100,10,231,3025
4,Proposed (dataless),3.07758,0.54797,-1,3.62555,16,100,100,10,231,3025
6,Proposed (dataless),6.39995,0.637175,-1,7.03713,16,100,100,10,248,3136
6,Proposed (dataless),6.47347,0.700373,-1,7.17384,16,100,100,10,248,3136
6,Proposed (dataless),6.88798,0.684185,-1,7.57217,16,100,100,10,248,3136
6,Proposed (dataless),6.35896,0.631636,-1,6.99059,16,100,100,10,248,3136
6,Proposed (dataless),6.55204,0.64786,-1,7.1999,16,100,100,10,248,3136
8,Proposed (dataless),16.6413,1.07679,-1,17.7181,16,100,100,10,822,9790
8,Proposed (dataless),16.2503,1.06355,-1,17.3138,16,100,100,10,822,9790
8,Proposed (dataless),16.968,1.14935,-1,18.1173,16,100,100,10,822,9790
8,Proposed (dataless),16.2201,1.05497,-1,17.2751,16,100,100,10,822,9790
8,Proposed (dataless),16.089,1.05703,-1,17.146,16,100,100,10,822,9790
10,Proposed (dataless),45.6361,1.38478,-1,47.0208,16,100,100,10,1668,18950
10,Proposed (dataless),43.4631,1.33915,-1,44.8022,16,100,100,10,1668,18950
10,Proposed (dataless),44.5605,1.36595,-1,45.9264,16,100,100,10,1668,18950
10,Proposed (dataless),45.5548,1.40981,-1,46.9646,16,100,100,10,1668,18950
10,Proposed (dataless),47.1159,1.41138,-1,48.5272,16,100,100,10,1668,18950
2,Proposed (dataless),0.539698,1.24584,-1,1.78554,16,1000,1000,10,34,485
2,Proposed (dataless),0.475376,1.16042,-1,1.6358,16,1000,1000,10,34,485
2,Proposed (dataless),0.595171,1.23555,-1,1.83072,16,1000,1000,10,34,485
2,Proposed (dataless),0.483227,1.19644,-1,1.67967,16,1000,1000,10,34,485
2,Proposed (dataless),0.523532,1.19731,-1,1.72084,16,1000,1000,10,34,485
4,Proposed (dataless),2.95404,1.26577,-1,4.21981,16,1000,1000,10,231,3025
4,Proposed (dataless),2.93659,1.28629,-1,4.22288,16,1000,1000,10,231,3025
4,Proposed (dataless),3.07504,1.22826,-1,4.30329,16,1000,1000,10,231,3025
4,Proposed (dataless),2.94256,1.37201,-1,4.31457,16,1000,1000,10,231,3025
4,Proposed (dataless),3.02771,1.24879,-1,4.27649,16,1000,1000,10,231,3025
6,Proposed (dataless),6.66501,1.73416,-1,8.39917,16,1000,1000,10,248,3136
6,Proposed (dataless),6.71187,1.26688,-1,7.97874,16,1000,1000,10,248,3136
6,Proposed (dataless),6.38712,1.36528,-1,7.7524,16,1000,1000,10,248,3136
6,Proposed (dataless),6.5483,1.31106,-1,7.85936,16,1000,1000,10,248,3136
6,Proposed (dataless),6.48549,1.29725,-1,7.78274,16,1000,1000,10,248,3136
8,Proposed (dataless),17.5185,1.68556,-1,19.2041,16,1000,1000,10,822,9790
8,Proposed (dataless),18.0389,1.80777,-1,19.8466,16,1000,1000,10,822,9790
8,Proposed (dataless),17.829,1.74898,-1,19.578,16,1000,1000,10,822,9790
8,Proposed (dataless),17.4075,1.77329,-1,19.1808,16,1000,1000,10,822,9790
8,Proposed (dataless),18.1542,1.86765,-1,20.0218,16,1000,1000,10,822,9790
10,Proposed (dataless),47.5018,2.19959,-1,49.7013,16,1000,1000,10,1668,18950
10,Proposed (dataless),47.8601,2.11906,-1,49.9792,16,1000,1000,10,1668,18950
10,Proposed (dataless),50.6929,2.17997,-1,52.8729,16,1000,1000,10,1668,18950
10,Proposed (dataless),48.8505,2.17055,-1,51.021,16,1000,1000,10,1668,18950
10,Proposed (dataless),43.9323,1.94957,-1,45.8818,16,1000,1000,10,1668,18950
2,Proposed (dataless),0.476688,13.6333,-1,14.11,16,10000,10000,10,34,485
2,Proposed (dataless),0.481964,13.927,-1,14.4089,16,10000,10000,10,34,485
2,Proposed (dataless),0.485447,13.6956,-1,14.181,16,10000,10000,10,34,485
2,Proposed (dataless),0.608506,13.5841,-1,14.1926,16,10000,10000,10,34,485
2,Proposed (dataless),0.594539,14.1253,-1,14.7198,16,10000,10000,10,34,485
4,Proposed (dataless),3.10933,9.06926,-1,12.1786,16,10000,10000,10,231,3025
4,Proposed (dataless),3.02511,8.96694,-1,11.9921,16,10000,10000,10,231,3025
4,Proposed (dataless),3.03826,8.86043,-1,11.8987,16,10000,10000,10,231,3025
4,Proposed (dataless),3.01197,9.17923,-1,12.1912,16,10000,10000,10,231,3025
4,Proposed (dataless),3.12371,8.90566,-1,12.0294,16,10000,10000,10,231,3025
6,Proposed (dataless),6.56821,8.28139,-1,14.8496,16,10000,10000,10,248,3136
6,Proposed (dataless),6.49484,8.03103,-1,14.5259,16,10000,10000,10,248,3136
6,Proposed (dataless),6.41262,7.98819,-1,14.4008,16,10000,10000,10,248,3136
6,Proposed (dataless),6.3289,7.95658,-1,14.2855,16,10000,10000,10,248,3136
6,Proposed (dataless),6.42704,7.93212,-1,14.3592,16,10000,10000,10,248,3136
8,Proposed (dataless),17.0127,7.3891,-1,24.4018,16,10000,10000,10,822,9790
8,Proposed (dataless),17.4428,7.59024,-1,25.0331,16,10000,10000,10,822,9790
8,Proposed (dataless),16.5212,7.82555,-1,24.3468,16,10000,10000,10,822,9790
8,Proposed (dataless),17.8072,7.90913,-1,25.7163,16,10000,10000,10,822,9790
8,Proposed (dataless),17.0783,7.18114,-1,24.2594,16,10000,10000,10,822,9790
10,Proposed (dataless),43.4709,9.38045,-1,52.8514,16,10000,10000,10,1668,18950
10,Proposed (dataless),48.2271,9.33256,-1,57.5597,16,10000,10000,10,1668,18950
10,Proposed (dataless),47.6771,9.64996,-1,57.3271,16,10000,10000,10,1668,18950
10,Proposed (dataless),47.7523,9.55437,-1,57.3067,16,10000,10000,10,1668,18950
10,Proposed (dataless),47.6355,9.42751,-1,57.063,16,10000,10000,10,1668,18950
2,Proposed (dataless),0.48481,0.585905,-1,1.07072,16,10,10,100,34,485
2,Proposed (dataless),0.481395,0.570832,-1,1.05223,16,10,10,100,34,485
2,Proposed (dataless),0.473722,0.566185,-1,1.03991,16,10,10,100,34,485
2,Proposed (dataless),0.474746,0.603761,-1,1.07851,16,10,10,100,34,485
2,Proposed (dataless),0.471511,0.569547,-1,1.04106,16,10,10,100,34,485
4,Proposed (dataless),3.08456,0.759696,-1,3.84425,16,10,10,100,231,3025
4,Proposed (dataless),3.12423,0.765884,-1,3.89012,16,10,10,100,231,3025
4,Proposed (dataless),3.11588,0.720873,-1,3.83676,16,10,10,100,231,3025
4,Proposed (dataless),3.10025,0.760189,-1,3.86044,16,10,10,100,231,3025
4,Proposed (dataless),2.97923,0.780267,-1,3.7595,16,10,10,100,231,3025
6,Proposed (dataless),6.60238,0.950055,-1,7.55244,16,10,10,100,248,3136
6,Proposed (dataless),6.67813,0.99751,-1,7.67564,16,10,10,100,248,3136
6,Proposed (dataless),6.60002,1.02879,-1,7.62881,16,10,10,100,248,3136
6,Proposed (dataless),6.72274,1.03122,-1,7.75396,16,10,10,100,248,3136
6,Proposed (dataless),6.68194,0.958762,-1,7.6407,16,10,10,100,248,3136
8,Proposed (dataless),17.1481,1.41708,-1,18.5652,16,10,10,100,822,9790
8,Proposed (dataless),16.36,1.38849,-1,17.7485,16,10,10,100,822,9790
8,Proposed (dataless),16.6633,1.45152,-1,18.1148,16,10,10,100,822,9790
8,Proposed (dataless),16.665,1.31829,-1,17.9833,16,10,10,100,822,9790
8,Proposed (dataless),16.491,1.30777,-1,17.7988,16,10,10,100,822,9790
10,Proposed (dataless),44.0228,8.24146,-1,52.2642,16,10,10,100,1668,18950
10,Proposed (dataless),45.3172,8.59261,-1,53.9098,16,10,10,100,1668,18950
10,Proposed (dataless),46.0572,8.84865,-1,54.9059,16,10,10,100,1668,18950
10,Proposed (dataless),42.9923,8.5571,-1,51.5494,16,10,10,100,1668,18950
10,Proposed (dataless),44.3194,8.68747,-1,53.0069,16,10,10,100,1668,18950
2,Proposed (dataless),0.475306,0.906877,-1,1.38218,16,100,100,100,34,485
2,Proposed (dataless),0.472192,0.903258,-1,1.37545,16,100,100,100,34,485
2,Proposed (dataless),0.47785,0.909244,-1,1.38709,16,100,100,100,34,485
2,Proposed (dataless),0.480323,0.931285,-1,1.41161,16,100,100,100,34,485
2,Proposed (dataless),0.476354,0.90286,-1,1.37921,16,100,100,100,34,485
4,Proposed (dataless),3.19248,0.935757,-1,4.12824,16,100,100,100,231,3025
4,Proposed (dataless),3.0078,0.907231,-1,3.91503,16,100,100,100,231,3025
4,Proposed (dataless),3.01139,0.924228,-1,3.93562,16,100,100,100,231,3025
4,Proposed (dataless),3.06292,0.918496,-1,3.98141,16,100,100,100,231,3025
4,Proposed (dataless),3.08672,0.949274,-1,4.03599,16,100,100,100,231,3025
6,Proposed (dataless),6.49492,1.5187,-1,8.01361,16,100,100,100,248,3136
6,Proposed (dataless),6.62466,1.45951,-1,8.08417,16,100,100,100,248,3136
6,Proposed (dataless),6.37626,1.55061,-1,7.92687,16,100,100,100,248,3136
6,Proposed (dataless),6.49179,1.41332,-1,7.90512,16,100,100,100,248,3136
6,Proposed (dataless),6.79464,1.53571,-1,8.33035,16,100,100,100,248,3136
8,Proposed (dataless),16.2701,1.55029,-1,17.8204,16,100,100,100,822,9790
8,Proposed (dataless),16.2714,1.62612,-1,17.8975,16,100,100,100,822,9790
8,Proposed (dataless),16.6505,1.68632,-1,18.3369,16,100,100,100,822,9790
8,Proposed (dataless),17.4013,1.80616,-1,19.2074,16,100,100,100,822,9790
8,Proposed (dataless),16.4859,1.5575,-1,18.0434,16,100,100,100,822,9790
10,Proposed (dataless),43.7245,2.03537,-1,45.7598,16,100,100,100,1668,18950
10,Proposed (dataless),46.8924,2.1208,-1,49.0132,16,100,100,100,1668,18950
10,Proposed (dataless),47.5793,2.04657,-1,49.6259,16,100,100,100,1668,18950
10,Proposed (dataless),44.9816,1.92159,-1,46.9032,16,100,100,100,1668,18950
10,Proposed (dataless),48.6364,2.03624,-1,50.6726,16,100,100,100,1668,18950
2,Proposed (dataless),0.477803,3.50024,-1,3.97804,16,1000,1000,100,34,485
2,Proposed (dataless),0.474849,3.60669,-1,4.08154,16,1000,1000,100,34,485
2,Proposed (dataless),0.57737,3.35384,-1,3.93121,16,1000,1000,100,34,485
2,Proposed (dataless),0.481623,3.40866,-1,3.89028,16,1000,1000,100,34,485
2,Proposed (dataless),0.53033,3.55649,-1,4.08682,16,1000,1000,100,34,485
4,Proposed (dataless),2.91576,2.4455,-1,5.36126,16,1000,1000,100,231,3025
4,Proposed (dataless),2.92304,2.42091,-1,5.34395,16,1000,1000,100,231,3025
4,Proposed (dataless),2.9412,2.39914,-1,5.34034,16,1000,1000,100,231,3025
4,Proposed (dataless),2.98725,2.34006,-1,5.32732,16,1000,1000,100,231,3025
4,Proposed (dataless),3.13445,2.36487,-1,5.49932,16,1000,1000,100,231,3025
6,Proposed (dataless),6.46668,5.07025,-1,11.5369,16,1000,1000,100,248,3136
6,Proposed (dataless),6.39857,5.38145,-1,11.78,16,1000,1000,100,248,3136
6,Proposed (dataless),6.48705,5.52378,-1,12.0108,16,1000,1000,100,248,3136
6,Proposed (dataless),6.47302,4.81084,-1,11.2839,16,1000,1000,100,248,3136
6,Proposed (dataless),6.57722,4.77342,-1,11.3506,16,1000,1000,100,248,3136
8,Proposed (dataless),16.3386,3.71086,-1,20.0494,16,1000,1000,100,822,9790
8,Proposed (dataless),16.901,3.8125,-1,20.7135,16,1000,1000,100,822,9790
8,Proposed (dataless),17.1569,3.98422,-1,21.1411,16,1000,1000,100,822,9790
8,Proposed (dataless),16.5389,3.59928,-1,20.1382,16,1000,1000,100,822,9790
8,Proposed (dataless),16.1288,3.56075,-1,19.6895,16,1000,1000,100,822,9790
10,Proposed (dataless),44.2712,5.06696,-1,49.3382,16,1000,1000,100,1668,18950
10,Proposed (dataless),46.1816,5.41664,-1,51.5982,16,1000,1000,100,1668,18950
10,Proposed (dataless),43.8294,4.69788,-1,48.5273,16,1000,1000,100,1668,18950
10,Proposed (dataless),44.8787,4.71366,-1,49.5924,16,1000,1000,100,1668,18950
10,Proposed (dataless),44.7602,4.7635,-1,49.5237,16,1000,1000,100,1668,18950
2,Proposed (dataless),0.480944,41.6376,-1,42.1186,16,10000,10000,100,34,485
2,Proposed (dataless),0.469644,41.4894,-1,41.959,16,10000,10000,100,34,485
2,Proposed (dataless),0.515587,41.4272,-1,41.9428,16,10000,10000,100,34,485
2,Proposed (dataless),0.48353,41.3297,-1,41.8133,16,10000,10000,100,34,485
2,Proposed (dataless),0.48465,41.4154,-1,41.9,16,10000,10000,100,34,485
4,Proposed (dataless),3.13048,19.9766,-1,23.1071,16,10000,10000,100,231,3025
4,Proposed (dataless),3.00681,20.1521,-1,23.1589,16,10000,10000,100,231,3025
4,Proposed (dataless),2.96639,20.3954,-1,23.3618,16,10000,10000,100,231,3025
4,Proposed (dataless),2.89599,19.5859,-1,22.4819,16,10000,10000,100,231,3025
4,Proposed (dataless),2.95598,20.6395,-1,23.5955,16,10000,10000,100,231,3025
6,Proposed (dataless),6.64827,50.5021,-1,57.1504,16,10000,10000,100,248,3136
6,Proposed (dataless),6.4793,50.553,-1,57.0323,16,10000,10000,100,248,3136
6,Proposed (dataless),6.38304,50.1811,-1,56.5641,16,10000,10000,100,248,3136
6,Proposed (dataless),6.41072,50.1662,-1,56.5769,16,10000,10000,100,248,3136
6,Proposed (dataless),6.72399,52.6187,-1,59.3427,16,10000,10000,100,248,3136
8,Proposed (dataless),16.385,24.2328,-1,40.6178,16,10000,10000,100,822,9790
8,Proposed (dataless),16.554,24.8168,-1,41.3708,16,10000,10000,100,822,9790
8,Proposed (dataless),16.6396,24.9798,-1,41.6194,16,10000,10000,100,822,9790
8,Proposed (dataless),17.5643,24.9734,-1,42.5377,16,10000,10000,100,822,9790
8,Proposed (dataless),16.4035,24.931,-1,41.3345,16,10000,10000,100,822,9790
10,Proposed (dataless),44.9981,31.772,-1,76.7701,16,10000,10000,100,1668,18950
10,Proposed (dataless),45.0486,31.5871,-1,76.6357,16,10000,10000,100,1668,18950
10,Proposed (dataless),45.1574,31.6108,-1,76.7682,16,10000,10000,100,1668,18950
10,Proposed (dataless),44.6445,31.4341,-1,76.0786,16,10000,10000,100,1668,18950
10,Proposed (dataless),45.1675,31.4709,-1,76.6384,16,10000,10000,100,1668,18950
2,Proposed (dataless),0.484016,1.94549,-1,2.42951,16,10,10,1000,34,485
2,Proposed (dataless),0.479039,2.1334,-1,2.61244,16,10,10,1000,34,485
2,Proposed (dataless),0.477643,1.99376,-1,2.4714,16,10,10,1000,34,485
2,Proposed (dataless),0.480352,1.98952,-1,2.46987,16,10,10,1000,34,485
2,Proposed (dataless),0.472919,1.90107,-1,2.37399,16,10,10,1000,34,485
4,Proposed (dataless),2.94985,1.99889,-1,4.94875,16,10,10,1000,231,3025
4,Proposed (dataless),2.94727,1.95427,-1,4.90154,16,10,10,1000,231,3025
4,Proposed (dataless),3.28437,2.04902,-1,5.33339,16,10,10,1000,231,3025
4,Proposed (dataless),2.9394,1.99181,-1,4.93121,16,10,10,1000,231,3025
4,Proposed (dataless),2.9246,1.94151,-1,4.86612,16,10,10,1000,231,3025
6,Proposed (dataless),6.77626,2.28179,-1,9.05805,16,10,10,1000,248,3136
6,Proposed (dataless),6.34809,2.34922,-1,8.69731,16,10,10,1000,248,3136
6,Proposed (dataless),6.5287,2.45649,-1,8.98519,16,10,10,1000,248,3136
6,Proposed (dataless),6.69814,2.23529,-1,8.93342,16,10,10,1000,248,3136
6,Proposed (dataless),6.4327,2.22211,-1,8.65482,16,10,10,1000,248,3136
8,Proposed (dataless),16.452,3.36314,-1,19.8151,16,10,10,1000,822,9790
8,Proposed (dataless),16.8736,3.47572,-1,20.3493,16,10,10,1000,822,9790
8,Proposed (dataless),16.3023,3.39688,-1,19.6991,16,10,10,1000,822,9790
8,Proposed (dataless),16.5736,3.44709,-1,20.0206,16,10,10,1000,822,9790
8,Proposed (dataless),16.5131,3.49984,-1,20.0129,16,10,10,1000,822,9790
10,Proposed (dataless),44.8796,29.3859,-1,74.2655,16,10,10,1000,1668,18950
10,Proposed (dataless),45.59,29.7179,-1,75.3078,16,10,10,1000,1668,18950
10,Proposed (dataless),44.3828,28.9912,-1,73.374,16,10,10,1000,1668,18950
10,Proposed (dataless),45.5916,29.3125,-1,74.9041,16,10,10,1000,1668,18950
10,Proposed (dataless),45.7522,28.5568,-1,74.309,16,10,10,1000,1668,18950
2,Proposed (dataless),0.489757,2.24826,-1,2.73802,16,100,100,1000,34,485
2,Proposed (dataless),0.483322,2.25967,-1,2.74299,16,100,100,1000,34,485
2,Proposed (dataless),0.476832,2.22286,-1,2.69969,16,100,100,1000,34,485
2,Proposed (dataless),0.477158,2.21304,-1,2.69019,16,100,100,1000,34,485
2,Proposed (dataless),0.478118,2.25742,-1,2.73554,16,100,100,1000,34,485
4,Proposed (dataless),3.10328,2.45577,-1,5.55905,16,100,100,1000,231,3025
4,Proposed (dataless),2.84313,2.41097,-1,5.2541,16,100,100,1000,231,3025
4,Proposed (dataless),2.94632,2.52638,-1,5.4727,16,100,100,1000,231,3025
4,Proposed (dataless),2.88998,2.45632,-1,5.3463,16,100,100,1000,231,3025
4,Proposed (dataless),2.94503,2.51949,-1,5.46452,16,100,100,1000,231,3025
6,Proposed (dataless),6.70751,3.06453,-1,9.77204,16,100,100,1000,248,3136
6,Proposed (dataless),6.43081,3.0911,-1,9.52191,16,100,100,1000,248,3136
6,Proposed (dataless),6.70711,3.01599,-1,9.7231,16,100,100,1000,248,3136
6,Proposed (dataless),6.69852,3.03063,-1,9.72915,16,100,100,1000,248,3136
6,Proposed (dataless),6.74937,3.05699,-1,9.80636,16,100,100,1000,248,3136
8,Proposed (dataless),16.5621,4.09157,-1,20.6537,16,100,100,1000,822,9790
8,Proposed (dataless),16.607,4.05922,-1,20.6662,16,100,100,1000,822,9790
8,Proposed (dataless),16.7056,4.13958,-1,20.8451,16,100,100,1000,822,9790
8,Proposed (dataless),16.8652,4.1518,-1,21.017,16,100,100,1000,822,9790
8,Proposed (dataless),17.4072,4.23645,-1,21.6436,16,100,100,1000,822,9790
10,Proposed (dataless),45.3223,5.08048,-1,50.4028,16,100,100,1000,1668,18950
10,Proposed (dataless),44.5188,5.03175,-1,49.5506,16,100,100,1000,1668,18950
10,Proposed (dataless),45.0818,4.97691,-1,50.0587,16,100,100,1000,1668,18950
10,Proposed (dataless),46.2146,5.05178,-1,51.2664,16,100,100,1000,1668,18950
10,Proposed (dataless),45.1172,5.07434,-1,50.1915,16,100,100,1000,1668,18950
2,Proposed (dataless),0.554041,4.72593,-1,5.27997,16,1000,1000,1000,34,485
2,Proposed (dataless),0.483575,4.78978,-1,5.27335,16,1000,1000,1000,34,485
2,Proposed (dataless),0.479759,4.69522,-1,5.17498,16,1000,1000,1000,34,485
2,Proposed (dataless),0.48603,5.08366,-1,5.56969,16,1000,1000,1000,34,485
2,Proposed (dataless),0.485502,4.95335,-1,5.43885,16,1000,1000,1000,34,485
4,Proposed (dataless),2.97972,5.88469,-1,8.8644,16,1000,1000,1000,231,3025
4,Proposed (dataless),2.94142,6.07055,-1,9.01196,16,1000,1000,1000,231,3025
4,Proposed (dataless),2.90221,6.02027,-1,8.92249,16,1000,1000,1000,231,3025
4,Proposed (dataless),2.90292,6.11571,-1,9.01863,16,1000,1000,1000,231,3025
4,Proposed (dataless),2.86836,6.01928,-1,8.88764,16,1000,1000,1000,231,3025
6,Proposed (dataless),6.50601,10.3885,-1,16.8945,16,1000,1000,1000,248,3136
6,Proposed (dataless),6.69682,10.4425,-1,17.1393,16,1000,1000,1000,248,3136
6,Proposed (dataless),6.47689,9.73487,-1,16.2118,16,1000,1000,1000,248,3136
6,Proposed (dataless),6.74573,10.2697,-1,17.0155,16,1000,1000,1000,248,3136
6,Proposed (dataless),6.58104,10.6814,-1,17.2624,16,1000,1000,1000,248,3136
8,Proposed (dataless),18.4324,10.0755,-1,28.5078,16,1000,1000,1000,822,9790
8,Proposed (dataless),16.1932,9.48255,-1,25.6758,16,1000,1000,1000,822,9790
8,Proposed (dataless),16.6286,9.56258,-1,26.1912,16,1000,1000,1000,822,9790
8,Proposed (dataless),16.6175,9.43473,-1,26.0523,16,1000,1000,1000,822,9790
8,Proposed (dataless),16.8686,9.53293,-1,26.4016,16,1000,1000,1000,822,9790
10,Proposed (dataless),46.202,15.451,-1,61.6531,16,1000,1000,1000,1668,18950
10,Proposed (dataless),43.9512,14.0979,-1,58.049,16,1000,1000,1000,1668,18950
10,Proposed (dataless),45.0691,14.2661,-1,59.3351,16,1000,1000,1000,1668,18950
10,Proposed (dataless),45.7037,14.8481,-1,60.5518,16,1000,1000,1000,1668,18950
10,Proposed (dataless),44.1687,14.1514,-1,58.3201,16,1000,1000,1000,1668,18950
2,Proposed (dataless),0.490815,30.6903,-1,31.1811,16,10000,10000,1000,34,485
2,Proposed (dataless),0.581154,30.566,-1,31.1471,16,10000,10000,1000,34,485
2,Proposed (dataless),0.49398,30.5583,-1,31.0523,16,10000,10000,1000,34,485
2,Proposed (dataless),0.473268,30.3258,-1,30.7991,16,10000,10000,1000,34,485
2,Proposed (dataless),0.505541,30.305,-1,30.8105,16,10000,10000,1000,34,485
4,Proposed (dataless),2.95344,42.3876,-1,45.341,16,10000,10000,1000,231,3025
4,Proposed (dataless),2.99259,41.7591,-1,44.7517,16,10000,10000,1000,231,3025
4,Proposed (dataless),2.92905,41.4585,-1,44.3876,16,10000,10000,1000,231,3025
4,Proposed (dataless),3.08491,42.4831,-1,45.568,16,10000,10000,1000,231,3025
4,Proposed (dataless),2.90758,42.6906,-1,45.5982,16,10000,10000,1000,231,3025
6,Proposed (dataless),6.75505,80.1702,-1,86.9252,16,10000,10000,1000,248,3136
6,Proposed (dataless),6.33328,79.8951,-1,86.2284,16,10000,10000,1000,248,3136
6,Proposed (dataless),6.64465,80.4726,-1,87.1172,16,10000,10000,1000,248,3136
6,Proposed (dataless),6.89654,79.783,-1,86.6796,16,10000,10000,1000,248,3136
6,Proposed (dataless),6.9904,81.762,-1,88.7524,16,10000,10000,1000,248,3136
8,Proposed (dataless),16.4627,63.8371,-1,80.2999,16,10000,10000,1000,822,9790
8,Proposed (dataless),17.1933,64.7106,-1,81.9039,16,10000,10000,1000,822,9790
8,Proposed (dataless),16.6846,64.7733,-1,81.4579,16,10000,10000,1000,822,9790
8,Proposed (dataless),16.6063,66.583,-1,83.1893,16,10000,10000,1000,822,9790
8,Proposed (dataless),16.3211,64.0135,-1,80.3346,16,10000,10000,1000,822,9790
10,Proposed (dataless),45.6438,110.187,-1,155.83,16,10000,10000,1000,1668,18950
10,Proposed (dataless),47.4443,111.177,-1,158.621,16,10000,10000,1000,1668,18950
10,Proposed (dataless),47.4722,111.23,-1,158.702,16,10000,10000,1000,1668,18950
10,Proposed (dataless),47.4313,111.572,-1,159.004,16,10000,10000,1000,1668,18950
10,Proposed (dataless),47.5338,111.145,-1,158.678,16,10000,10000,1000,1668,18950
2,Proposed (dataless),0.490293,21.5663,-1,22.0566,16,10,10,10000,34,485
2,Proposed (dataless),0.482899,21.566,-1,22.0489,16,10,10,10000,34,485
2,Proposed (dataless),0.490231,21.644,-1,22.1342,16,10,10,10000,34,485
2,Proposed (dataless),0.486839,21.8949,-1,22.3817,16,10,10,10000,34,485
2,Proposed (dataless),0.490294,21.5703,-1,22.0606,16,10,10,10000,34,485
4,Proposed (dataless),2.93402,20.0655,-1,22.9995,16,10,10,10000,231,3025
4,Proposed (dataless),3.14658,20.7279,-1,23.8745,16,10,10,10000,231,3025
4,Proposed (dataless),3.06868,20.8146,-1,23.8832,16,10,10,10000,231,3025
4,Proposed (dataless),2.9146,19.3624,-1,22.277,16,10,10,10000,231,3025
4,Proposed (dataless),2.94634,19.9702,-1,22.9165,16,10,10,10000,231,3025
6,Proposed (dataless),6.6196,14.0722,-1,20.6918,16,10,10,10000,248,3136
6,Proposed (dataless),6.40318,13.9216,-1,20.3248,16,10,10,10000,248,3136
6,Proposed (dataless),6.68238,14.0472,-1,20.7296,16,10,10,10000,248,3136
6,Proposed (dataless),6.80192,14.368,-1,21.1699,16,10,10,10000,248,3136
6,Proposed (dataless),6.56857,14.3207,-1,20.8892,16,10,10,10000,248,3136
8,Proposed (dataless),16.464,21.1547,-1,37.6188,16,10,10,10000,822,9790
8,Proposed (dataless),16.8113,21.3396,-1,38.1508,16,10,10,10000,822,9790
8,Proposed (dataless),16.3506,20.7631,-1,37.1137,16,10,10,10000,822,9790
8,Proposed (dataless),16.6209,20.9787,-1,37.5996,16,10,10,10000,822,9790
8,Proposed (dataless),16.6999,21.0509,-1,37.7508,16,10,10,10000,822,9790
10,Proposed (dataless),45.3942,73.6545,-1,119.049,16,10,10,10000,1668,18950
10,Proposed (dataless),45.6802,73.7713,-1,119.451,16,10,10,10000,1668,18950
10,Proposed (dataless),44.393,78.6331,-1,123.026,16,10,10,10000,1668,18950
10,Proposed (dataless),44.8818,77.3647,-1,122.247,16,10,10,10000,1668,18950
10,Proposed (dataless),47.5888,77.4554,-1,125.044,16,10,10,10000,1668,18950
2,Proposed (dataless),0.480682,21.8959,-1,22.3765,16,100,100,10000,34,485
2,Proposed (dataless),0.487246,21.565,-1,22.0523,16,100,100,10000,34,485
2,Proposed (dataless),0.488607,21.4517,-1,21.9403,16,100,100,10000,34,485
2,Proposed (dataless),0.494371,21.6226,-1,22.117,16,100,100,10000,34,485
2,Proposed (dataless),0.477386,21.838,-1,22.3154,16,100,100,10000,34,485
4,Proposed (dataless),2.94019,21.6235,-1,24.5637,16,100,100,10000,231,3025
4,Proposed (dataless),2.9405,21.4261,-1,24.3666,16,100,100,10000,231,3025
4,Proposed (dataless),2.89225,21.0614,-1,23.9537,16,100,100,10000,231,3025
4,Proposed (dataless),3.22375,21.9128,-1,25.1366,16,100,100,10000,231,3025
4,Proposed (dataless),3.05776,21.6834,-1,24.7412,16,100,100,10000,231,3025
6,Proposed (dataless),6.88183,16.6381,-1,23.52,16,100,100,10000,248,3136
6,Proposed (dataless),7.5643,16.4543,-1,24.0186,16,100,100,10000,248,3136
6,Proposed (dataless),6.92071,16.2466,-1,23.1674,16,100,100,10000,248,3136
6,Proposed (dataless),6.8004,16.9065,-1,23.7069,16,100,100,10000,248,3136
6,Proposed (dataless),7.55032,17.0943,-1,24.6446,16,100,100,10000,248,3136
8,Proposed (dataless),17.9638,23.196,-1,41.1598,16,100,100,10000,822,9790
8,Proposed (dataless),18.3081,23.6554,-1,41.9634,16,100,100,10000,822,9790
8,Proposed (dataless),16.5829,22.2621,-1,38.8451,16,100,100,10000,822,9790
8,Proposed (dataless),16.3888,21.4037,-1,37.7925,16,100,100,10000,822,9790
8,Proposed (dataless),16.7365,22.8151,-1,39.5516,16,100,100,10000,822,9790
10,Proposed (dataless),44.2703,16.9034,-1,61.1737,16,100,100,10000,1668,18950
10,Proposed (dataless),45.3572,17.508,-1,62.8652,16,100,100,10000,1668,18950
10,Proposed (dataless),44.0789,16.6919,-1,60.7708,16,100,100,10000,1668,18950
10,Proposed (dataless),45.1737,16.9455,-1,62.1192,16,100,100,10000,1668,18950
10,Proposed (dataless),44.4085,17.3123,-1,61.7208,16,100,100,10000,1668,18950
2,Proposed (dataless),0.531299,23.9916,-1,24.5229,16,1000,1000,10000,34,485
2,Proposed (dataless),0.489483,23.8959,-1,24.3854,16,1000,1000,10000,34,485
2,Proposed (dataless),0.479281,24.515,-1,24.9943,16,1000,1000,10000,34,485
2,Proposed (dataless),0.543729,24.313,-1,24.8567,16,1000,1000,10000,34,485
2,Proposed (dataless),0.48941,24.3191,-1,24.8085,16,1000,1000,10000,34,485
4,Proposed (dataless),3.16186,30.0722,-1,33.234,16,1000,1000,10000,231,3025
4,Proposed (dataless),2.89838,30.9559,-1,33.8543,16,1000,1000,10000,231,3025
4,Proposed (dataless),2.90601,32.2811,-1,35.1871,16,1000,1000,10000,231,3025
4,Proposed (dataless),3.18865,30.4344,-1,33.623,16,1000,1000,10000,231,3025
4,Proposed (dataless),3.07943,31.4363,-1,34.5157,16,1000,1000,10000,231,3025
6,Proposed (dataless),6.85491,27.3361,-1,34.1911,16,1000,1000,10000,248,3136
6,Proposed (dataless),7.02631,27.6007,-1,34.627,16,1000,1000,10000,248,3136
6,Proposed (dataless),6.52944,25.0399,-1,31.5693,16,1000,1000,10000,248,3136
6,Proposed (dataless),6.53916,24.4869,-1,31.0261,16,1000,1000,10000,248,3136
6,Proposed (dataless),6.52223,25.0919,-1,31.6141,16,1000,1000,10000,248,3136
8,Proposed (dataless),16.9839,28.0082,-1,44.9921,16,1000,1000,10000,822,9790
8,Proposed (dataless),16.693,28.4951,-1,45.188,16,1000,1000,10000,822,9790
8,Proposed (dataless),17.7442,28.7679,-1,46.5121,16,1000,1000,10000,822,9790
8,Proposed (dataless),17.7666,29.3836,-1,47.1502,16,1000,1000,10000,822,9790
8,Proposed (dataless),17.8646,29.5189,-1,47.3835,16,1000,1000,10000,822,9790
10,Proposed (dataless),48.3414,31.754,-1,80.0953,16,1000,1000,10000,1668,18950
10,Proposed (dataless),47.3354,31.412,-1,78.7475,16,1000,1000,10000,1668,18950
10,Proposed (dataless),43.7266,29.744,-1,73.4707,16,1000,1000,10000,1668,18950
10,Proposed (dataless),44.7046,29.9921,-1,74.6966,16,1000,1000,10000,1668,18950
10,Proposed (dataless),45.2563,29.9508,-1,75.2072,16,1000,1000,10000,1668,18950
2,Proposed (dataless),0.500541,53.2309,-1,53.7314,16,10000,10000,10000,34,485
2,Proposed (dataless),0.480519,51.7958,-1,52.2763,16,10000,10000,10000,34,485
2,Proposed (dataless),0.479033,52.1034,-1,52.5824,16,10000,10000,10000,34,485
2,Proposed (dataless),0.479337,52.0651,-1,52.5444,16,10000,10000,10000,34,485
2,Proposed (dataless),0.509877,52.3269,-1,52.8368,16,10000,10000,10000,34,485
4,Proposed (dataless),2.92875,119.587,-1,122.516,16,10000,10000,10000,231,3025
4,Proposed (dataless),2.89558,118.779,-1,121.675,16,10000,10000,10000,231,3025
4,Proposed (dataless),2.90432,119.129,-1,122.033,16,10000,10000,10000,231,3025
4,Proposed (dataless),3.1224,119.225,-1,122.347,16,10000,10000,10000,231,3025
4,Proposed (dataless),2.88421,122.751,-1,125.635,16,10000,10000,10000,231,3025
6,Proposed (dataless),6.38134,123.473,-1,129.854,16,10000,10000,10000,248,3136
6,Proposed (dataless),6.42196,125.488,-1,131.91,16,10000,10000,10000,248,3136
6,Proposed (dataless),6.56742,129.243,-1,135.81,16,10000,10000,10000,248,3136
6,Proposed (dataless),7.0073,131.753,-1,138.761,16,10000,10000,10000,248,3136
6,Proposed (dataless),6.46557,122.931,-1,129.397,16,10000,10000,10000,248,3136
8,Proposed (dataless),16.5834,89.3748,-1,105.958,16,10000,10000,10000,822,9790
8,Proposed (dataless),17.5299,91.5336,-1,109.063,16,10000,10000,10000,822,9790
8,Proposed (dataless),17.5706,85.4961,-1,103.067,16,10000,10000,10000,822,9790
8,Proposed (dataless),16.5298,86.4813,-1,103.011,16,10000,10000,10000,822,9790
8,Proposed (dataless),16.2977,89.4913,-1,105.789,16,10000,10000,10000,822,9790
10,Proposed (dataless),45.1283,170.5,-1,215.629,16,10000,10000,10000,1668,18950
10,Proposed (dataless),47.5437,171.553,-1,219.096,16,10000,10000,10000,1668,18950
10,Proposed (dataless),48.8946,170.872,-1,219.766,16,10000,10000,10000,1668,18950
10,Proposed (dataless),47.5122,171.417,-1,218.929,16,10000,10000,10000,1668,18950
10,Proposed (dataless),47.4684,170.883,-1,218.351,16,10000,10000,10000,1668,18950
2,Proposed (dataful),0.660955,0.323059,-1,0.984014,19,10,10,10,41,643
2,Proposed (dataful),0.648636,0.302931,-1,0.951567,19,10,10,10,41,643
2,Proposed (dataful),0.799844,0.309635,-1,1.10948,19,10,10,10,41,643
2,Proposed (dataful),0.650207,0.307048,-1,0.957255,19,10,10,10,41,643
2,Proposed (dataful),0.649131,0.324925,-1,0.974056,19,10,10,10,41,643
4,Proposed (dataful),4.65808,0.652841,-1,5.31092,20,10,10,10,293,4641
4,Proposed (dataful),4.67473,0.84832,-1,5.52305,20,10,10,10,293,4641
4,Proposed (dataful),4.44724,0.644464,-1,5.0917,20,10,10,10,293,4641
4,Proposed (dataful),4.7032,0.641701,-1,5.34491,20,10,10,10,293,4641
4,Proposed (dataful),4.46878,0.649874,-1,5.11866,20,10,10,10,293,4641
6,Proposed (dataful),13.5392,0.796296,-1,14.3355,23,10,10,10,341,5676
6,Proposed (dataful),13.2955,0.764163,-1,14.0596,23,10,10,10,341,5676
6,Proposed (dataful),13.2267,0.761067,-1,13.9877,23,10,10,10,341,5676
6,Proposed (dataful),13.1575,0.771717,-1,13.9292,23,10,10,10,341,5676
6,Proposed (dataful),13.2391,0.765206,-1,14.0043,23,10,10,10,341,5676
8,Proposed (dataful),67.6305,2.0727,-1,69.7032,32,10,10,10,1419,30467
8,Proposed (dataful),67.1882,2.14991,-1,69.3381,32,10,10,10,1419,30467
8,Proposed (dataful),71.4948,2.16393,-1,73.6587,32,10,10,10,1419,30467
8,Proposed (dataful),70.6936,2.17145,-1,72.8651,32,10,10,10,1419,30467
8,Proposed (dataful),72.2748,2.18438,-1,74.4592,32,10,10,10,1419,30467
10,Proposed (dataful),238.883,8.49209,-1,247.375,35,10,10,10,3406,85077
10,Proposed (dataful),241.232,8.56816,-1,249.8,35,10,10,10,3406,85077
10,Proposed (dataful),229.624,7.92682,-1,237.551,35,10,10,10,3406,85077
10,Proposed (dataful),238.751,8.57938,-1,247.33,35,10,10,10,3406,85077
10,Proposed (dataful),239.373,8.80544,-1,248.179,35,10,10,10,3406,85077
2,Proposed (dataful),0.670198,0.431187,-1,1.10139,19,100,100,10,41,643
2,Proposed (dataful),0.70273,0.436167,-1,1.1389,19,100,100,10,41,643
2,Proposed (dataful),0.895209,0.47344,-1,1.36865,19,100,100,10,41,643
2,Proposed (dataful),0.652584,0.433847,-1,1.08643,19,100,100,10,41,643
2,Proposed (dataful),0.653427,0.428145,-1,1.08157,19,100,100,10,41,643
4,Proposed (dataful),4.35927,0.776124,-1,5.1354,20,100,100,10,293,4641
4,Proposed (dataful),4.40489,0.755073,-1,5.15997,20,100,100,10,293,4641
4,Proposed (dataful),4.51445,0.812343,-1,5.32679,20,100,100,10,293,4641
4,Proposed (dataful),4.64988,0.754741,-1,5.40463,20,100,100,10,293,4641
4,Proposed (dataful),4.48408,0.768272,-1,5.25235,20,100,100,10,293,4641
6,Proposed (dataful),14.0738,0.861071,-1,14.9349,23,100,100,10,341,5676
6,Proposed (dataful),13.002,0.866906,-1,13.8689,23,100,100,10,341,5676
6,Proposed (dataful),12.8824,0.867399,-1,13.7498,23,100,100,10,341,5676
6,Proposed (dataful),13.3969,0.937064,-1,14.3339,23,100,100,10,341,5676
6,Proposed (dataful),13.6738,0.893826,-1,14.5677,23,100,100,10,341,5676
8,Proposed (dataful),68.2777,2.26189,-1,70.5396,32,100,100,10,1419,30467
8,Proposed (dataful),68.5876,2.18744,-1,70.7751,32,100,100,10,1419,30467
8,Proposed (dataful),67.5931,2.21966,-1,69.8128,32,100,100,10,1419,30467
8,Proposed (dataful),68.3183,2.23564,-1,70.554,32,100,100,10,1419,30467
8,Proposed (dataful),71.4507,2.29331,-1,73.744,32,100,100,10,1419,30467
10,Proposed (dataful),230.541,8.37212,-1,238.913,35,100,100,10,3406,85077
10,Proposed (dataful),230.894,8.52595,-1,239.42,35,100,100,10,3406,85077
10,Proposed (dataful),235.206,8.42062,-1,243.626,35,100,100,10,3406,85077
10,Proposed (dataful),236.055,8.27427,-1,244.329,35,100,100,10,3406,85077
10,Proposed (dataful),229.652,8.41191,-1,238.064,35,100,100,10,3406,85077
2,Proposed (dataful),0.670747,1.43999,-1,2.11074,19,1000,1000,10,41,643
2,Proposed (dataful),0.724894,1.46129,-1,2.18619,19,1000,1000,10,41,643
2,Proposed (dataful),0.711978,1.48038,-1,2.19236,19,1000,1000,10,41,643
2,Proposed (dataful),0.777941,1.46574,-1,2.24368,19,1000,1000,10,41,643
2,Proposed (dataful),0.697859,1.48713,-1,2.18499,19,1000,1000,10,41,643
4,Proposed (dataful),4.80152,1.80478,-1,6.6063,20,1000,1000,10,293,4641
4,Proposed (dataful),4.54232,1.68454,-1,6.22687,20,1000,1000,10,293,4641
4,Proposed (dataful),4.47135,1.74323,-1,6.21458,20,1000,1000,10,293,4641
4,Proposed (dataful),4.46164,1.71363,-1,6.17526,20,1000,1000,10,293,4641
4,Proposed (dataful),4.86507,1.80409,-1,6.66916,20,1000,1000,10,293,4641
6,Proposed (dataful),13.3766,1.67247,-1,15.049,23,1000,1000,10,341,5676
6,Proposed (dataful),13.2265,1.64722,-1,14.8737,23,1000,1000,10,341,5676
6,Proposed (dataful),13.3132,1.70346,-1,15.0167,23,1000,1000,10,341,5676
6,Proposed (dataful),13.5013,1.77249,-1,15.2738,23,1000,1000,10,341,5676
6,Proposed (dataful),13.5337,1.75076,-1,15.2844,23,1000,1000,10,341,5676
8,Proposed (dataful),66.6139,2.82525,-1,69.4392,32,1000,1000,10,1419,30467
8,Proposed (dataful),67.931,2.80418,-1,70.7351,32,1000,1000,10,1419,30467
8,Proposed (dataful),67.7951,2.81157,-1,70.6066,32,1000,1000,10,1419,30467
8,Proposed (dataful),68.2658,2.83098,-1,71.0968,32,1000,1000,10,1419,30467
8,Proposed (dataful),67.3948,2.90755,-1,70.3023,32,1000,1000,10,1419,30467
10,Proposed (dataful),231.709,9.76666,-1,241.476,35,1000,1000,10,3406,85077
10,Proposed (dataful),231.48,9.69743,-1,241.177,35,1000,1000,10,3406,85077
10,Proposed (dataful),232.137,9.60808,-1,241.745,35,1000,1000,10,3406,85077
10,Proposed (dataful),232.858,9.87192,-1,242.73,35,1000,1000,10,3406,85077
10,Proposed (dataful),239.547,10.1484,-1,249.695,35,1000,1000,10,3406,85077
2,Proposed (dataful),0.661306,17.0501,-1,17.7114,19,10000,10000,10,41,643
2,Proposed (dataful),0.635872,16.6941,-1,17.3299,19,10000,10000,10,41,643
2,Proposed (dataful),0.777844,16.7663,-1,17.5442,19,10000,10000,10,41,643
2,Proposed (dataful),0.660558,17.0544,-1,17.715,19,10000,10000,10,41,643
2,Proposed (dataful),0.657194,16.8282,-1,17.4854,19,10000,10000,10,41,643
4,Proposed (dataful),4.59618,10.9632,-1,15.5593,20,10000,10000,10,293,4641
4,Proposed (dataful),4.4832,10.8745,-1,15.3577,20,10000,10000,10,293,4641
4,Proposed (dataful),4.42983,11.0335,-1,15.4633,20,10000,10000,10,293,4641
4,Proposed (dataful),4.41786,11.1146,-1,15.5325,20,10000,10000,10,293,4641
4,Proposed (dataful),4.42147,11.0539,-1,15.4754,20,10000,10000,10,293,4641
6,Proposed (dataful),13.4256,9.56582,-1,22.9914,23,10000,10000,10,341,5676
6,Proposed (dataful),13.1016,9.46603,-1,22.5676,23,10000,10000,10,341,5676
6,Proposed (dataful),13.1023,9.57934,-1,22.6817,23,10000,10000,10,341,5676
6,Proposed (dataful),13.4587,9.52714,-1,22.9858,23,10000,10000,10,341,5676
6,Proposed (dataful),13.3987,10.0912,-1,23.4899,23,10000,10000,10,341,5676
8,Proposed (dataful),67.4849,8.93968,-1,76.4245,32,10000,10000,10,1419,30467
8,Proposed (dataful),67.0891,9.01331,-1,76.1024,32,10000,10000,10,1419,30467
8,Proposed (dataful),67.9325,9.04541,-1,76.9779,32,10000,10000,10,1419,30467
8,Proposed (dataful),66.577,8.71182,-1,75.2888,32,10000,10000,10,1419,30467
8,Proposed (dataful),67.3161,8.90219,-1,76.2183,32,10000,10000,10,1419,30467
10,Proposed (dataful),231.839,23.0046,-1,254.843,35,10000,10000,10,3406,85077
10,Proposed (dataful),233.175,23.2084,-1,256.383,35,10000,10000,10,3406,85077
10,Proposed (dataful),238.392,23.4741,-1,261.866,35,10000,10000,10,3406,85077
10,Proposed (dataful),235.08,23.2317,-1,258.312,35,10000,10000,10,3406,85077
10,Proposed (dataful),238.651,24.6671,-1,263.318,35,10000,10000,10,3406,85077
2,Proposed (dataful),0.693145,0.899785,-1,1.59293,19,10,10,100,41,643
2,Proposed (dataful),0.648337,0.923654,-1,1.57199,19,10,10,100,41,643
2,Proposed (dataful),0.63985,0.926107,-1,1.56596,19,10,10,100,41,643
2,Proposed (dataful),0.641469,0.908369,-1,1.54984,19,10,10,100,41,643
2,Proposed (dataful),0.656702,0.905866,-1,1.56257,19,10,10,100,41,643
4,Proposed (dataful),4.54924,1.33203,-1,5.88127,20,10,10,100,293,4641
4,Proposed (dataful),4.48083,1.35741,-1,5.83824,20,10,10,100,293,4641
4,Proposed (dataful),4.5249,1.38402,-1,5.90892,20,10,10,100,293,4641
4,Proposed (dataful),4.49532,1.37463,-1,5.86996,20,10,10,100,293,4641
4,Proposed (dataful),4.54095,1.34484,-1,5.88579,20,10,10,100,293,4641
6,Proposed (dataful),13.3184,1.64966,-1,14.9681,23,10,10,100,341,5676
6,Proposed (dataful),13.3803,1.66666,-1,15.047,23,10,10,100,341,5676
6,Proposed (dataful),13.0543,1.63383,-1,14.6882,23,10,10,100,341,5676
6,Proposed (dataful),13.315,1.60943,-1,14.9245,23,10,10,100,341,5676
6,Proposed (dataful),13.3425,1.72318,-1,15.0657,23,10,10,100,341,5676
8,Proposed (dataful),68.4142,2.50873,-1,70.9229,32,10,10,100,1419,30467
8,Proposed (dataful),67.5475,2.46939,-1,70.0169,32,10,10,100,1419,30467
8,Proposed (dataful),65.6874,2.32549,-1,68.0129,32,10,10,100,1419,30467
8,Proposed (dataful),67.4843,2.39153,-1,69.8759,32,10,10,100,1419,30467
8,Proposed (dataful),68.6876,2.39245,-1,71.08,32,10,10,100,1419,30467
10,Proposed (dataful),241.285,10.5623,-1,251.847,35,10,10,100,3406,85077
10,Proposed (dataful),229.961,9.88114,-1,239.842,35,10,10,100,3406,85077
10,Proposed (dataful),232.615,9.94885,-1,242.564,35,10,10,100,3406,85077
10,Proposed (dataful),240.82,10.5509,-1,251.371,35,10,10,100,3406,85077
10,Proposed (dataful),245.238,10.5987,-1,255.837,35,10,10,100,3406,85077
2,Proposed (dataful),0.816853,1.40713,-1,2.22398,19,100,100,100,41,643
2,Proposed (dataful),0.793443,1.1725,-1,1.96594,19,100,100,100,41,643
2,Proposed (dataful),0.646051,1.31636,-1,1.96241,19,100,100,100,41,643
2,Proposed (dataful),0.662068,1.16125,-1,1.82332,19,100,100,100,41,643
2,Proposed (dataful),0.686202,1.35551,-1,2.04171,19,100,100,100,41,643
4,Proposed (dataful),4.46127,1.82599,-1,6.28727,20,100,100,100,293,4641
4,Proposed (dataful),4.73632,1.81033,-1,6.54665,20,100,100,100,293,4641
4,Proposed (dataful),4.51446,1.87611,-1,6.39057,20,100,100,100,293,4641
4,Proposed (dataful),4.66878,1.77247,-1,6.44125,20,100,100,100,293,4641
4,Proposed (dataful),4.64275,1.79257,-1,6.43532,20,100,100,100,293,4641
6,Proposed (dataful),13.1865,2.01987,-1,15.2063,23,100,100,100,341,5676
6,Proposed (dataful),13.1367,2.07891,-1,15.2156,23,100,100,100,341,5676
6,Proposed (dataful),13.3376,2.02589,-1,15.3635,23,100,100,100,341,5676
6,Proposed (dataful),13.4072,2.03379,-1,15.441,23,100,100,100,341,5676
6,Proposed (dataful),13.6555,2.11151,-1,15.767,23,100,100,100,341,5676
8,Proposed (dataful),69.6821,2.61079,-1,72.2928,32,100,100,100,1419,30467
8,Proposed (dataful),68.3013,2.74001,-1,71.0413,32,100,100,100,1419,30467
8,Proposed (dataful),69.2333,2.7508,-1,71.9841,32,100,100,100,1419,30467
8,Proposed (dataful),68.8977,2.90188,-1,71.7996,32,100,100,100,1419,30467
8,Proposed (dataful),67.843,2.64177,-1,70.4847,32,100,100,100,1419,30467
10,Proposed (dataful),247.572,11.5527,-1,259.124,35,100,100,100,3406,85077
10,Proposed (dataful),245.294,11.7627,-1,257.057,35,100,100,100,3406,85077
10,Proposed (dataful),231.564,10.8072,-1,242.371,35,100,100,100,3406,85077
10,Proposed (dataful),239.54,10.9436,-1,250.484,35,100,100,100,3406,85077
10,Proposed (dataful),240.932,11.2814,-1,252.213,35,100,100,100,3406,85077
2,Proposed (dataful),0.67641,3.09632,-1,3.77273,19,1000,1000,100,41,643
2,Proposed (dataful),0.651375,3.25728,-1,3.90865,19,1000,1000,100,41,643
2,Proposed (dataful),0.664735,3.38256,-1,4.0473,19,1000,1000,100,41,643
2,Proposed (dataful),0.79554,3.26857,-1,4.06411,19,1000,1000,100,41,643
2,Proposed (dataful),0.663043,3.17943,-1,3.84247,19,1000,1000,100,41,643
4,Proposed (dataful),4.99547,5.2376,-1,10.2331,20,1000,1000,100,293,4641
4,Proposed (dataful),4.37893,5.48721,-1,9.86613,20,1000,1000,100,293,4641
4,Proposed (dataful),4.35611,5.43931,-1,9.79542,20,1000,1000,100,293,4641
4,Proposed (dataful),4.57005,5.42926,-1,9.99931,20,1000,1000,100,293,4641
4,Proposed (dataful),4.55148,5.48157,-1,10.0331,20,1000,1000,100,293,4641
6,Proposed (dataful),13.9814,6.01576,-1,19.9972,23,1000,1000,100,341,5676
6,Proposed (dataful),13.4811,6.06029,-1,19.5414,23,1000,1000,100,341,5676
6,Proposed (dataful),13.5902,5.74666,-1,19.3368,23,1000,1000,100,341,5676
6,Proposed (dataful),13.3922,5.48499,-1,18.8772,23,1000,1000,100,341,5676
6,Proposed (dataful),14.2504,5.7506,-1,20.001,23,1000,1000,100,341,5676
8,Proposed (dataful),65.5691,4.53455,-1,70.1036,32,1000,1000,100,1419,30467
8,Proposed (dataful),67.7553,4.61723,-1,72.3725,32,1000,1000,100,1419,30467
8,Proposed (dataful),67.8625,4.63232,-1,72.4949,32,1000,1000,100,1419,30467
8,Proposed (dataful),67.9238,4.60499,-1,72.5288,32,1000,1000,100,1419,30467
8,Proposed (dataful),68.8201,5.21229,-1,74.0324,32,1000,1000,100,1419,30467
10,Proposed (dataful),233.92,18.6069,-1,252.527,35,1000,1000,100,3406,85077
10,Proposed (dataful),240.653,19.6334,-1,260.287,35,1000,1000,100,3406,85077
10,Proposed (dataful),241.617,19.6406,-1,261.257,35,1000,1000,100,3406,85077
10,Proposed (dataful),230.87,18.5237,-1,249.393,35,1000,1000,100,3406,85077
10,Proposed (dataful),234.095,18.5965,-1,252.692,35,1000,1000,100,3406,85077
2,Proposed (dataful),0.658909,33.0922,-1,33.7512,19,10000,10000,100,41,643
2,Proposed (dataful),0.674719,32.2979,-1,32.9726,19,10000,10000,100,41,643
2,Proposed (dataful),0.68086,32.956,-1,33.6369,19,10000,10000,100,41,643
2,Proposed (dataful),0.663005,32.9718,-1,33.6348,19,10000,10000,100,41,643
2,Proposed (dataful),0.656894,33.5574,-1,34.2143,19,10000,10000,100,41,643
4,Proposed (dataful),4.50119,52.2084,-1,56.7096,20,10000,10000,100,293,4641
4,Proposed (dataful),4.435,52.5999,-1,57.0349,20,10000,10000,100,293,4641
4,Proposed (dataful),4.58869,53.008,-1,57.5966,20,10000,10000,100,293,4641
4,Proposed (dataful),4.66877,52.8616,-1,57.5303,20,10000,10000,100,293,4641
4,Proposed (dataful),4.66843,53.0622,-1,57.7307,20,10000,10000,100,293,4641
6,Proposed (dataful),13.9165,44.2532,-1,58.1697,23,10000,10000,100,341,5676
6,Proposed (dataful),13.9828,45.5374,-1,59.5202,23,10000,10000,100,341,5676
6,Proposed (dataful),13.7627,45.5718,-1,59.3345,23,10000,10000,100,341,5676
6,Proposed (dataful),14.2054,42.9009,-1,57.1063,23,10000,10000,100,341,5676
6,Proposed (dataful),13.6448,41.5209,-1,55.1656,23,10000,10000,100,341,5676
8,Proposed (dataful),69.9352,24.9698,-1,94.905,32,10000,10000,100,1419,30467
8,Proposed (dataful),66.2765,23.4928,-1,89.7693,32,10000,10000,100,1419,30467
8,Proposed (dataful),67.6118,23.673,-1,91.2848,32,10000,10000,100,1419,30467
8,Proposed (dataful),68.1492,24.723,-1,92.8722,32,10000,10000,100,1419,30467
8,Proposed (dataful),70.9574,25.0818,-1,96.0392,32,10000,10000,100,1419,30467
10,Proposed (dataful),245.655,102.886,-1,348.542,35,10000,10000,100,3406,85077
10,Proposed (dataful),231.858,97.0878,-1,328.946,35,10000,10000,100,3406,85077
10,Proposed (dataful),241.445,102.627,-1,344.072,35,10000,10000,100,3406,85077
10,Proposed (dataful),245.985,102.8,-1,348.785,35,10000,10000,100,3406,85077
10,Proposed (dataful),243.814,102.512,-1,346.326,35,10000,10000,100,3406,85077
2,Proposed (dataful),0.744692,2.6477,-1,3.39239,19,10,10,1000,41,643
2,Proposed (dataful),0.654853,2.72922,-1,3.38407,19,10,10,1000,41,643
2,Proposed (dataful),0.715997,2.9232,-1,3.6392,19,10,10,1000,41,643
2,Proposed (dataful),0.653875,2.70236,-1,3.35624,19,10,10,1000,41,643
2,Proposed (dataful),0.641098,2.6133,-1,3.25439,19,10,10,1000,41,643
4,Proposed (dataful),4.57076,6.26326,-1,10.834,20,10,10,1000,293,4641
4,Proposed (dataful),4.66526,6.44536,-1,11.1106,20,10,10,1000,293,4641
4,Proposed (dataful),4.57685,6.55775,-1,11.1346,20,10,10,1000,293,4641
4,Proposed (dataful),4.57865,6.01373,-1,10.5924,20,10,10,1000,293,4641
4,Proposed (dataful),4.54538,6.27222,-1,10.8176,20,10,10,1000,293,4641
6,Proposed (dataful),14.016,3.54263,-1,17.5586,23,10,10,1000,341,5676
6,Proposed (dataful),14.3133,3.59452,-1,17.9079,23,10,10,1000,341,5676
6,Proposed (dataful),14.3979,3.66191,-1,18.0599,23,10,10,1000,341,5676
6,Proposed (dataful),13.4653,3.30271,-1,16.768,23,10,10,1000,341,5676
6,Proposed (dataful),13.3248,3.35669,-1,16.6815,23,10,10,1000,341,5676
8,Proposed (dataful),70.6689,4.80709,-1,75.476,32,10,10,1000,1419,30467
8,Proposed (dataful),70.5836,4.87982,-1,75.4635,32,10,10,1000,1419,30467
8,Proposed (dataful),71.9351,4.93338,-1,76.8685,32,10,10,1000,1419,30467
8,Proposed (dataful),72.1922,4.89402,-1,77.0862,32,10,10,1000,1419,30467
8,Proposed (dataful),72.2976,5.04065,-1,77.3382,32,10,10,1000,1419,30467
10,Proposed (dataful),244.016,23.6066,-1,267.622,35,10,10,1000,3406,85077
10,Proposed (dataful),230.199,26.6278,-1,256.827,35,10,10,1000,3406,85077
10,Proposed (dataful),242.186,23.3964,-1,265.582,35,10,10,1000,3406,85077
10,Proposed (dataful),229.665,22.2304,-1,251.895,35,10,10,1000,3406,85077
10,Proposed (dataful),233.242,25.1726,-1,258.414,35,10,10,1000,3406,85077
2,Proposed (dataful),0.740471,3.21899,-1,3.95946,19,100,100,1000,41,643
2,Proposed (dataful),0.650337,3.37956,-1,4.0299,19,100,100,1000,41,643
2,Proposed (dataful),0.707391,3.18685,-1,3.89424,19,100,100,1000,41,643
2,Proposed (dataful),0.670565,3.37433,-1,4.0449,19,100,100,1000,41,643
2,Proposed (dataful),0.762942,3.49741,-1,4.26035,19,100,100,1000,41,643
4,Proposed (dataful),4.48252,7.70058,-1,12.1831,20,100,100,1000,293,4641
4,Proposed (dataful),4.34352,7.70639,-1,12.0499,20,100,100,1000,293,4641
4,Proposed (dataful),4.54717,7.95809,-1,12.5053,20,100,100,1000,293,4641
4,Proposed (dataful),4.53398,7.96259,-1,12.4966,20,100,100,1000,293,4641
4,Proposed (dataful),4.43142,7.74699,-1,12.1784,20,100,100,1000,293,4641
6,Proposed (dataful),13.1635,4.03791,-1,17.2014,23,100,100,1000,341,5676
6,Proposed (dataful),13.227,4.06748,-1,17.2944,23,100,100,1000,341,5676
6,Proposed (dataful),13.9352,4.4037,-1,18.3389,23,100,100,1000,341,5676
6,Proposed (dataful),13.8521,4.03845,-1,17.8906,23,100,100,1000,341,5676
6,Proposed (dataful),13.1981,4.2024,-1,17.4005,23,100,100,1000,341,5676
8,Proposed (dataful),68.3649,5.76386,-1,74.1288,32,100,100,1000,1419,30467
8,Proposed (dataful),66.4612,6.06478,-1,72.526,32,100,100,1000,1419,30467
8,Proposed (dataful),70.7743,5.82745,-1,76.6017,32,100,100,1000,1419,30467
8,Proposed (dataful),69.4854,5.833,-1,75.3184,32,100,100,1000,1419,30467
8,Proposed (dataful),66.3057,5.39306,-1,71.6988,32,100,100,1000,1419,30467
10,Proposed (dataful),234.06,15.3775,-1,249.438,35,100,100,1000,3406,85077
10,Proposed (dataful),231.702,14.6034,-1,246.305,35,100,100,1000,3406,85077
10,Proposed (dataful),235.05,14.9457,-1,249.996,35,100,100,1000,3406,85077
10,Proposed (dataful),235.132,14.8729,-1,250.005,35,100,100,1000,3406,85077
10,Proposed (dataful),251.122,16.2037,-1,267.325,35,100,100,1000,3406,85077
2,Proposed (dataful),0.659941,6.88127,-1,7.54121,19,1000,1000,1000,41,643
2,Proposed (dataful),0.653275,6.80602,-1,7.4593,19,1000,1000,1000,41,643
2,Proposed (dataful),0.674154,7.42151,-1,8.09566,19,1000,1000,1000,41,643
2,Proposed (dataful),0.68099,7.30596,-1,7.98695,19,1000,1000,1000,41,643
2,Proposed (dataful),0.653332,7.19701,-1,7.85035,19,1000,1000,1000,41,643
4,Proposed (dataful),4.43295,25.4643,-1,29.8973,20,1000,1000,1000,293,4641
4,Proposed (dataful),4.49064,23.3253,-1,27.8159,20,1000,1000,1000,293,4641
4,Proposed (dataful),4.62304,23.4717,-1,28.0947,20,1000,1000,1000,293,4641
4,Proposed (dataful),4.49503,23.6417,-1,28.1367,20,1000,1000,1000,293,4641
4,Proposed (dataful),4.53586,23.6445,-1,28.1803,20,1000,1000,1000,293,4641
6,Proposed (dataful),13.4583,10.2729,-1,23.7312,23,1000,1000,1000,341,5676
6,Proposed (dataful),14.3102,10.2354,-1,24.5456,23,1000,1000,1000,341,5676
6,Proposed (dataful),13.9221,10.4372,-1,24.3593,23,1000,1000,1000,341,5676
6,Proposed (dataful),13.4349,10.5413,-1,23.9762,23,1000,1000,1000,341,5676
6,Proposed (dataful),13.6561,10.59,-1,24.2461,23,1000,1000,1000,341,5676
8,Proposed (dataful),69.1618,12.4601,-1,81.622,32,1000,1000,1000,1419,30467
8,Proposed (dataful),68.7888,12.293,-1,81.0818,32,1000,1000,1000,1419,30467
8,Proposed (dataful),68.3447,12.2737,-1,80.6184,32,1000,1000,1000,1419,30467
8,Proposed (dataful),68.5415,12.4264,-1,80.9678,32,1000,1000,1000,1419,30467
8,Proposed (dataful),68.9252,12.244,-1,81.1692,32,1000,1000,1000,1419,30467
10,Proposed (dataful),232.669,30.3056,-1,262.975,35,1000,1000,1000,3406,85077
10,Proposed (dataful),233.799,30.0781,-1,263.877,35,1000,1000,1000,3406,85077
10,Proposed (dataful),233.624,30.1885,-1,263.813,35,1000,1000,1000,3406,85077
10,Proposed (dataful),231.499,30.0191,-1,261.518,35,1000,1000,1000,3406,85077
10,Proposed (dataful),243.028,31.7083,-1,274.736,35,1000,1000,1000,3406,85077
2,Proposed (dataful),0.710669,47.4697,-1,48.1804,19,10000,10000,1000,41,643
2,Proposed (dataful),0.673239,46.9752,-1,47.6484,19,10000,10000,1000,41,643
2,Proposed (dataful),0.701483,43.1665,-1,43.868,19,10000,10000,1000,41,643
2,Proposed (dataful),0.6384,43.7489,-1,44.3873,19,10000,10000,1000,41,643
2,Proposed (dataful),0.66878,43.8801,-1,44.5489,19,10000,10000,1000,41,643
4,Proposed (dataful),4.44526,188.752,-1,193.198,20,10000,10000,1000,293,4641
4,Proposed (dataful),4.53028,189.411,-1,193.941,20,10000,10000,1000,293,4641
4,Proposed (dataful),4.43979,189.017,-1,193.457,20,10000,10000,1000,293,4641
4,Proposed (dataful),4.50518,188.377,-1,192.882,20,10000,10000,1000,293,4641
4,Proposed (dataful),4.65631,195.366,-1,200.023,20,10000,10000,1000,293,4641
6,Proposed (dataful),13.3642,71.4464,-1,84.8106,23,10000,10000,1000,341,5676
6,Proposed (dataful),13.6914,72.6701,-1,86.3615,23,10000,10000,1000,341,5676
6,Proposed (dataful),13.3446,73.6079,-1,86.9526,23,10000,10000,1000,341,5676
6,Proposed (dataful),13.5064,73.4597,-1,86.9662,23,10000,10000,1000,341,5676
6,Proposed (dataful),13.402,74.0966,-1,87.4986,23,10000,10000,1000,341,5676
8,Proposed (dataful),68.2971,79.2453,-1,147.542,32,10000,10000,1000,1419,30467
8,Proposed (dataful),68.5113,80.0416,-1,148.553,32,10000,10000,1000,1419,30467
8,Proposed (dataful),68.7392,82.8012,-1,151.54,32,10000,10000,1000,1419,30467
8,Proposed (dataful),68.0229,78.6452,-1,146.668,32,10000,10000,1000,1419,30467
8,Proposed (dataful),68.151,79.3656,-1,147.517,32,10000,10000,1000,1419,30467
10,Proposed (dataful),237.837,183.471,-1,421.309,35,10000,10000,1000,3406,85077
10,Proposed (dataful),235.836,182.869,-1,418.705,35,10000,10000,1000,3406,85077
10,Proposed (dataful),234.156,182.29,-1,416.445,35,10000,10000,1000,3406,85077
10,Proposed (dataful),242.258,192.617,-1,434.874,35,10000,10000,1000,3406,85077
10,Proposed (dataful),247.219,193.338,-1,440.557,35,10000,10000,1000,3406,85077
2,Proposed (dataful),0.684794,24.3725,-1,25.0573,19,10,10,10000,41,643
2,Proposed (dataful),0.663259,23.9517,-1,24.6149,19,10,10,10000,41,643
2,Proposed (dataful),0.657484,24.2728,-1,24.9303,19,10,10,10000,41,643
2,Proposed (dataful),0.694253,24.4022,-1,25.0965,19,10,10,10000,41,643
2,Proposed (dataful),0.698942,24.2461,-1,24.945,19,10,10,10000,41,643
4,Proposed (dataful),4.8693,26.57,-1,31.4394,20,10,10,10000,293,4641
4,Proposed (dataful),4.57998,25.1863,-1,29.7663,20,10,10,10000,293,4641
4,Proposed (dataful),4.39917,25.371,-1,29.7702,20,10,10,10000,293,4641
4,Proposed (dataful),4.72481,25.3938,-1,30.1186,20,10,10,10000,293,4641
4,Proposed (dataful),4.44602,25.1461,-1,29.5921,20,10,10,10000,293,4641
6,Proposed (dataful),13.1608,24.5492,-1,37.71,23,10,10,10000,341,5676
6,Proposed (dataful),13.7468,24.8405,-1,38.5873,23,10,10,10000,341,5676
6,Proposed (dataful),13.0805,24.3098,-1,37.3903,23,10,10,10000,341,5676
6,Proposed (dataful),13.1312,24.6743,-1,37.8055,23,10,10,10000,341,5676
6,Proposed (dataful),13.346,24.8904,-1,38.2364,23,10,10,10000,341,5676
8,Proposed (dataful),68.1798,25.7478,-1,93.9276,32,10,10,10000,1419,30467
8,Proposed (dataful),67.2065,25.678,-1,92.8845,32,10,10,10000,1419,30467
8,Proposed (dataful),68.7821,25.6356,-1,94.4177,32,10,10,10000,1419,30467
8,Proposed (dataful),68.2,25.4664,-1,93.6664,32,10,10,10000,1419,30467
8,Proposed (dataful),68.1113,26.0617,-1,94.173,32,10,10,10000,1419,30467
10,Proposed (dataful),232.365,46.6755,-1,279.041,35,10,10,10000,3406,85077
10,Proposed (dataful),235.542,47.7433,-1,283.285,35,10,10,10000,3406,85077
10,Proposed (dataful),238.031,46.9123,-1,284.943,35,10,10,10000,3406,85077
10,Proposed (dataful),239.32,49.199,-1,288.519,35,10,10,10000,3406,85077
10,Proposed (dataful),231.342,46.5782,-1,277.92,35,10,10,10000,3406,85077
2,Proposed (dataful),0.650593,23.6349,-1,24.2855,19,100,100,10000,41,643
2,Proposed (dataful),0.663506,23.7671,-1,24.4306,19,100,100,10000,41,643
2,Proposed (dataful),0.68603,24.4286,-1,25.1147,19,100,100,10000,41,643
2,Proposed (dataful),0.75656,24.0788,-1,24.8354,19,100,100,10000,41,643
2,Proposed (dataful),0.729368,24.1898,-1,24.9191,19,100,100,10000,41,643
4,Proposed (dataful),4.731,28.1852,-1,32.9162,20,100,100,10000,293,4641
4,Proposed (dataful),4.59838,27.2136,-1,31.8119,20,100,100,10000,293,4641
4,Proposed (dataful),4.45014,27.0847,-1,31.5348,20,100,100,10000,293,4641
4,Proposed (dataful),4.64819,28.1457,-1,32.7939,20,100,100,10000,293,4641
4,Proposed (dataful),4.65427,28.4647,-1,33.1189,20,100,100,10000,293,4641
6,Proposed (dataful),14.1751,27.4195,-1,41.5946,23,100,100,10000,341,5676
6,Proposed (dataful),14.2684,27.4799,-1,41.7483,23,100,100,10000,341,5676
6,Proposed (dataful),14.1041,27.7927,-1,41.8968,23,100,100,10000,341,5676
6,Proposed (dataful),14.0582,27.7135,-1,41.7717,23,100,100,10000,341,5676
6,Proposed (dataful),14.5706,27.8782,-1,42.4487,23,100,100,10000,341,5676
8,Proposed (dataful),70.6911,28.9272,-1,99.6183,32,100,100,10000,1419,30467
8,Proposed (dataful),73.4174,28.8042,-1,102.222,32,100,100,10000,1419,30467
8,Proposed (dataful),71.7462,28.9782,-1,100.724,32,100,100,10000,1419,30467
8,Proposed (dataful),72.2852,29.0686,-1,101.354,32,100,100,10000,1419,30467
8,Proposed (dataful),66.6887,27.4179,-1,94.1066,32,100,100,10000,1419,30467
10,Proposed (dataful),242.555,53.2908,-1,295.846,35,100,100,10000,3406,85077
10,Proposed (dataful),246.743,52.83,-1,299.573,35,100,100,10000,3406,85077
10,Proposed (dataful),248.363,53.4167,-1,301.779,35,100,100,10000,3406,85077
10,Proposed (dataful),231.092,50.6533,-1,281.746,35,100,100,10000,3406,85077
10,Proposed (dataful),243.491,52.9232,-1,296.415,35,100,100,10000,3406,85077
2,Proposed (dataful),0.660018,28.7069,-1,29.3669,19,1000,1000,10000,41,643
2,Proposed (dataful),0.649995,28.9759,-1,29.6259,19,1000,1000,10000,41,643
2,Proposed (dataful),0.802827,29.4384,-1,30.2413,19,1000,1000,10000,41,643
2,Proposed (dataful),0.691128,29.3178,-1,30.0089,19,1000,1000,10000,41,643
2,Proposed (dataful),0.664274,27.7978,-1,28.4621,19,1000,1000,10000,41,643
4,Proposed (dataful),4.71693,46.7219,-1,51.4389,20,1000,1000,10000,293,4641
4,Proposed (dataful),4.48954,44.2792,-1,48.7687,20,1000,1000,10000,293,4641
4,Proposed (dataful),4.62769,46.1611,-1,50.7888,20,1000,1000,10000,293,4641
4,Proposed (dataful),4.80603,47.0603,-1,51.8664,20,1000,1000,10000,293,4641
4,Proposed (dataful),4.63867,47.2669,-1,51.9055,20,1000,1000,10000,293,4641
6,Proposed (dataful),14.2278,41.9405,-1,56.1683,23,1000,1000,10000,341,5676
6,Proposed (dataful),14.0241,42.4054,-1,56.4295,23,1000,1000,10000,341,5676
6,Proposed (dataful),13.3728,39.4598,-1,52.8326,23,1000,1000,10000,341,5676
6,Proposed (dataful),13.3526,41.4163,-1,54.7689,23,1000,1000,10000,341,5676
6,Proposed (dataful),13.2242,40.3857,-1,53.6099,23,1000,1000,10000,341,5676
8,Proposed (dataful),69.8659,44.7855,-1,114.651,32,1000,1000,10000,1419,30467
8,Proposed (dataful),71.8838,45.0198,-1,116.904,32,1000,1000,10000,1419,30467
8,Proposed (dataful),71.903,44.8611,-1,116.764,32,1000,1000,10000,1419,30467
8,Proposed (dataful),71.9542,45.1881,-1,117.142,32,1000,1000,10000,1419,30467
8,Proposed (dataful),71.7425,44.8241,-1,116.567,32,1000,1000,10000,1419,30467
10,Proposed (dataful),245.791,96.7041,-1,342.496,35,1000,1000,10000,3406,85077
10,Proposed (dataful),244.693,96.8025,-1,341.495,35,1000,1000,10000,3406,85077
10,Proposed (dataful),246.159,96.4851,-1,342.644,35,1000,1000,10000,3406,85077
10,Proposed (dataful),234.999,91.5691,-1,326.568,35,1000,1000,10000,3406,85077
10,Proposed (dataful),241,96.4832,-1,337.483,35,1000,1000,10000,3406,85077
2,Proposed (dataful),0.6584,66.9257,-1,67.5841,19,10000,10000,10000,41,643
2,Proposed (dataful),0.741398,68.3071,-1,69.0485,19,10000,10000,10000,41,643
2,Proposed (dataful),0.709482,69.4815,-1,70.191,19,10000,10000,10000,41,643
2,Proposed (dataful),0.649932,67.5036,-1,68.1535,19,10000,10000,10000,41,643
2,Proposed (dataful),0.660369,68.7212,-1,69.3816,19,10000,10000,10000,41,643
4,Proposed (dataful),4.55948,234.815,-1,239.374,20,10000,10000,10000,293,4641
4,Proposed (dataful),4.84001,236.922,-1,241.762,20,10000,10000,10000,293,4641
4,Proposed (dataful),4.5435,234.824,-1,239.367,20,10000,10000,10000,293,4641
4,Proposed (dataful),4.51213,236.034,-1,240.546,20,10000,10000,10000,293,4641
4,Proposed (dataful),4.64075,232.411,-1,237.052,20,10000,10000,10000,293,4641
6,Proposed (dataful),13.4691,186.254,-1,199.723,23,10000,10000,10000,341,5676
6,Proposed (dataful),14.0324,189.755,-1,203.787,23,10000,10000,10000,341,5676
6,Proposed (dataful),13.8758,189.36,-1,203.236,23,10000,10000,10000,341,5676
6,Proposed (dataful),14.1142,189.062,-1,203.176,23,10000,10000,10000,341,5676
6,Proposed (dataful),13.6789,188.925,-1,202.604,23,10000,10000,10000,341,5676
8,Proposed (dataful),71.9593,208.591,-1,280.55,32,10000,10000,10000,1419,30467
8,Proposed (dataful),71.9641,197.192,-1,269.156,32,10000,10000,10000,1419,30467
8,Proposed (dataful),67.9535,198.913,-1,266.866,32,10000,10000,10000,1419,30467
8,Proposed (dataful),68.7591,199.603,-1,268.362,32,10000,10000,10000,1419,30467
8,Proposed (dataful),68.5489,198.985,-1,267.534,32,10000,10000,10000,1419,30467
10,Proposed (dataful),242.424,544.783,-1,787.207,35,10000,10000,10000,3406,85077
10,Proposed (dataful),232.7,522.259,-1,754.959,35,10000,10000,10000,3406,85077
10,Proposed (dataful),235,521.845,-1,756.845,35,10000,10000,10000,3406,85077
10,Proposed (dataful),243.711,548.517,-1,792.228,35,10000,10000,10000,3406,85077
10,Proposed (dataful),246.348,546.502,-1,792.85,35,10000,10000,10000,3406,85077
